sn,compound,atomic_ra,atomic_rb,atomic_rc,covl_ra,covl_rb,covl_rc,van_ra,van_rb,van_rc,ionic_ra,ionic_rb,ionic_rc,atomic_mass_a,atomic_mass_b,atomic_mass_c,eNeg_a,eNeg_b,eNeg_c,eAffin_a,eAffin_b,eAffin_c,firstIoniz_a,firstIoniz_b,firstIoniz_c,oxidation_a,oxidation_b,oxidation_c,a,b,c,alpha,beta,gamma,BandGap,formationE,fmm,magneticO,spaceG,density,Materialid
1,Sr2YTaO6,2.00,1.8,1.45,1.92,1.62,1.38,2.55,2.4,2.2,1.12,0.9,0.64,87.62,88.90585,180.94788,0.95,1.22,1.5,5.02,30,31,549.5,600,761,2,3,5,5.927,5.927,5.927,120.777,120.777,88.66,3.826,-3.585,0,NM,87,6.18,mp-1080719
2,Sr2YReO6,2.00,1.8,1.35,1.92,1.62,1.59,2.55,2.4,2.05,1.12,0.9,0.58,87.62,88.90585,186.207,0.95,1.22,1.9,5.02,30,0,549.5,600,760,2,3,5,5.909,5.909,5.909,60,60,60,0,-2.997,0,NM,225,6.22,mp-7889
3,Sr2YIrO6,2.00,1.8,1.35,1.92,1.62,1.37,2.55,2.4,0,1.12,0.9,0.57,87.62,88.90585,192.217,0.95,1.22,2.2,5.02,30,150.9,549.5,600,880,2,3,5,5.88,5.885,10.084,55.101,90,90,0,-2.78,2.015,FM,14,6.48,mp-15887
4,Sr2CdWO6,2.00,1.55,1.35,1.92,1.48,1.46,2.55,2.2,2.1,1.12,0.97,0.66,87.62,112.411,183.84,0.95,1.69,2.36,5.02,0,79,549.5,867.8,770,2,2,6,5.959,5.808,10.098,54.844,90,90,54.844,-2.625,0,NM,14,6.6,mp-19014
5,Sr2ScNbO6,2.00,1.6,1.45,1.92,1.44,1.37,2.55,2.3,2.15,1.12,0.723,0.64,87.62,44.955912,92.90638,0.95,1.36,1.6,5.02,18,86,549.5,633.1,652.1,2,3,5,5.765,5.767,9.981,54.63,90,90,2.94,-3.51,0,NM,14,5.02,mp-1208760
6,Sr2ZrTiO6,2.00,1.55,1.4,1.92,1.48,1.36,2.55,2.3,2.15,1.12,0.79,0.605,87.62,91.224,47.867,0.95,1.33,1.54,5.02,41,8.4,549.5,640.1,658.8,2,4,4,5.749,5.749,5.749,120.339,120.339,89.415,2.516,-3.599,0,NM,87,5.1,mp-1080028
7,Sr2TiMoO6,2.00,1.4,1.45,1.92,1.36,1.45,2.55,2.15,2.1,1.12,0.94,0.65,87.62,47.867,95.94,0.95,1.54,2.16,5.02,8.4,72.3,549.5,658.8,684.3,2,4,4,5.656,5.656,5.656,119.79,119.79,90.364,0,-3.09,1.99,FM,87,5.37,mp-1078580
8,Sr2TiRuO6,2.00,1.4,1.3,1.92,1.36,1.26,2.55,2.15,2.05,1.12,0.94,0.62,87.62,47.867,101.07,0.95,1.54,2.2,5.02,8.4,101,549.5,658.8,710.2,2,4,4,3.947,3.947,7.956,90,90,90,0,-2.876,0.011,NM,123,5.63,mp-1218387
9,Sr2ZrVO6,2.00,1.55,1.35,1.92,1.48,1.25,2.55,2.3,2.05,1.12,0.79,0.58,87.62,91.224,50.9415,0.95,1.33,1.63,5.02,41,8.4,549.5,640.1,650.9,2,4,4,5.713,11.407,8.165,89.999,90,90.01,1.51,-3.281,0.001,AFM,62,5.16,mp-1276679
10,Sr2ZrVO6,2.00,1.55,1.35,1.92,1.48,1.25,2.55,2.3,2.05,1.12,0.79,0.58,87.62,91.224,50.9415,0.95,1.33,1.63,5.02,41,51,549.5,640.1,650.9,2,4,4,8.073,9.902,8.147,65.708,90,65.944,0,-3.277,0.002,AFM,225,5.17,mp-1079272
11,Sr2VMoO6,2.00,1.35,1.45,1.92,1.25,1.45,2.55,2.05,2.1,1.12,0.74,0.65,87.62,50.9415,95.94,0.95,1.63,2.16,5.02,51,72.3,549.5,650.9,684.3,2,4,4,4.042,4.042,7.839,90,90,90,0,-2.77,2.998,FM,123,5.42,mp-1218447
12,Sr2YCrO6,2.00,1.8,1.4,1.92,1.62,1.27,2.55,2.4,2.05,1.12,0.9,0.55,87.62,88.90585,51.9961,0.95,1.22,1.66,5.02,30,65.2,549.5,600,652.9,2,3,5,5.8,5.8,5.8,60,60,60,0,-2.874,0.998,FM,225,4.96,mp-1079925
13,Sr2NbCrO6,2.00,1.45,1.4,1.92,1.37,1.27,2.55,2.15,2.05,1.12,0.69,0.615,87.62,92.90638,51.9961,0.95,1.6,1.66,5.02,86,65.2,549.5,652.1,652.9,2,5,3,8.016,8.016,9.818,65.905,65.905,90,2.306,-3.115,0,AFM,225,5.37,mp-1205690
14,Sr2ZrMnO6,2.00,1.55,1.4,1.92,1.48,1.39,2.55,2.3,2.05,1.12,0.79,0.53,87.62,91.224,54.938045,0.95,1.33,1.55,5.02,41,0,549.5,640.1,717.3,2,4,4,5.676,5.676,9.83,73.221,90,120,1.506,-3.087,0,AFM,225,5.36,mp-1080730
15,Sr2MnNbO6,2.00,1.4,1.45,1.92,1.39,1.37,2.55,2.05,2.15,1.12,0.46,0.69,87.62,54.938045,92.90638,0.95,1.55,1.6,5.02,0,86,549.5,717.3,652.1,2,3,5,5.766,9.786,9.769,101.087,88.03,75.341,1.202,-3.006,0,AFM,12,5.34,mp-1285223
16,Sr2MnRuO6,2.00,1.4,1.3,1.92,1.39,1.26,2.55,2.05,2.05,1.12,0.46,0.62,87.62,54.938045,101.07,0.95,1.55,2.2,5.02,0,101,549.5,717.3,710.2,2,3,5,5.716,5.716,5.716,122.621,122.621,85.518,0,-2.37,6.971,FM,87,5.61,mp-1218769
17,Sr2NbFeO6,2.00,1.45,1.4,1.92,1.37,1.25,2.55,2.15,2.05,1.12,0.69,0.55,87.62,92.90638,55.845,0.95,1.6,1.83,5.02,86,14.6,549.5,652.1,762.5,2,5,3,5.69,5.69,9.856,73.221,73.221,60,1.839,-2.981,0,AFM,225,5.35,mp-1218741
18,Sr2FeMoO6,2.00,1.4,1.45,1.92,1.25,1.45,2.55,2.05,2.1,1.12,0.74,0.59,87.62,55.845,95.94,0.95,1.83,2.16,5.02,14.6,72.3,549.5,762.5,684.3,2,3,5,5.637,5.628,68.179,119.654,119.706,90.048,0.615,-2.623,6,FM,1,5.46,mp-1173284
19,Sr2FeRuO6,2.00,1.4,1.3,1.92,1.25,1.26,2.55,2.05,2.05,1.12,0.74,0.67,87.62,55.845,101.07,0.95,1.83,2.2,5.02,14.6,101,549.5,762.5,710.2,2,2,6,5.616,5.616,5.616,60,60,60,0,-2.346,1.988,FM,225,5.68,mp-1218831
20,Sr2ZrCoO6,2.00,1.55,1.35,1.92,1.48,1.26,2.55,2.3,0,1.12,0.79,0.53,87.62,91.224,58.933195,0.95,1.33,1.88,5.02,41,64,549.5,640.1,760.4,2,4,4,5.618,5.618,5.618,60,60,60,0,-2.731,3.219,FM,225,5.58,mp-1079027
21,Sr2NbCoO6,2.00,1.45,1.35,1.92,1.37,1.26,2.55,2.15,0,1.12,0.69,0.53,87.62,92.90638,58.933195,0.95,1.6,1.88,5.02,86,64,549.5,652.1,760.4,2,5,3,5.635,5.636,9.725,74.668,74.667,61.024,1.501,-2.813,0,AFM,225,5.46,mp-1218740
22,Sr2CoMoO6,2.00,1.35,1.45,1.92,1.26,1.45,2.55,0,2.1,1.12,0.63,0.59,87.62,58.933195,95.94,0.95,1.88,2.16,5.02,64,72.3,549.5,760.4,684.3,2,3,5,5.646,9.811,5.67,90.239,60.117,106.672,0,-2.544,0.002,AFM,225,5.5,mp-510546
23,Sr2CoRuO6,2.00,1.35,1.3,1.92,1.26,1.26,2.55,0,2.05,1.12,0.63,0.69,87.62,58.933195,101.07,0.95,1.88,2.2,5.02,64,101,549.5,760.4,710.2,2,2,6,5.595,5.595,5.595,60.543,60.543,60.543,0,-2.158,5.395,FM,148,5.71,mp-1218846
24,Sr2NiMoO6,2.00,1.35,1.45,1.92,1.21,1.45,2.55,0,2.1,1.12,0.69,0.59,87.62,58.6934,95.94,0.95,1.91,2.16,5.02,111.6,72.3,549.5,737.1,684.3,2,3,5,5.612,5.656,9.746,106.069,73.266,119.745,2.323,-2.485,0,AFM,87,5.57,mp-18940
25,Ba2ScNbO6,2.15,1.6,1.45,1.98,1.44,1.37,2.55,2.3,2.15,1.34,0.723,0.64,137.327,44.955912,92.90638,0.89,1.36,1.6,13.95,18,86,502.9,633.1,652.1,2,3,5,5.893,5.893,5.893,60,60,60,2.572,-3.486,0,NM,225,5.83,1206644
26,Ba2ZrTiO6,2.15,1.55,1.4,1.98,1.48,1.36,2.55,2.3,2.15,1.34,0.79,0.605,137.327,91.224,47.867,0.89,1.33,1.54,13.95,41,8.4,502.9,640.1,658.8,2,4,4,5.864,5.864,5.864,60,60,60,2.216,-3.57,0,NM,225,5.94,1078457
27,Ba2NbVO6,2.15,1.45,1.35,1.98,1.37,1.25,2.55,2.15,2.05,1.34,0.69,0.64,137.327,92.90638,50.9415,0.89,1.6,1.63,13.95,86,51,502.9,652.1,650.9,2,5,3,8.25,10.035,8.245,114.23,89.84,65.852,0,-3.127,0,AFM,225,6.15,1078969
28,Ba2VMoO6,2.15,1.35,1.45,1.98,1.25,1.45,2.55,2.05,2.1,1.34,0.74,0.65,137.327,50.9415,95.94,0.89,1.63,2.16,13.95,51,72.3,502.9,650.9,684.3,2,3,5,5.762,8.141,5.762,90,90,90,0.406,-2.716,0,AFM,225,6.36,1079477
29,Ba2NbCrO6,2.15,1.45,1.4,1.98,1.37,1.27,2.55,2.15,2.05,1.34,0.69,0.615,137.327,92.90638,51.9961,0.89,1.6,1.66,13.95,86,65.2,502.9,652.1,652.9,2,5,3,5.833,5.833,19.191,90,90,120,1.583,-3.067,3.004,FM,194,6.06,31627
30,Ba2CrMoO6,2.15,1.4,1.45,1.98,1.27,1.45,2.55,2.05,2.1,1.34,0.63,0.59,137.327,51.9961,95.94,0.89,1.66,2.16,13.95,65.2,72.3,502.9,652.9,684.3,2,3,5,5.81,8.006,5.81,90.004,89.999,90,0,-2.704,0,AFM,225,6.37,1079901
31,BaYMn2O6,2.15,1.8,1.4,1.98,1.62,1.39,2.55,2.4,2.05,1.34,0.9,0.46,137.327,88.90585,54.938045,0.89,1.22,1.55,13.95,30,0,502.9,600,717.3,2,3,7,5.567,5.567,7.856,89.628,89.628,89.966,0,-2.69,0.987,FM,12,5.9,555455
32,Ba2MnNbO6,2.15,1.4,1.45,1.98,1.39,1.37,2.55,2.05,2.15,1.34,0.8,0.68,137.327,54.938045,92.90638,0.89,1.55,1.6,13.95,0,86,502.9,717.3,652.1,2,3,5,5.798,5.797,19.3,82.612,91.565,61.225,1.483,-2.973,0,AFM,15,6.14,1275240
33,Ba2MnMoO6,2.15,1.4,1.45,1.98,1.39,1.45,2.55,2.05,2.1,1.34,0.8,0.65,137.327,54.938045,95.94,0.89,1.55,2.16,13.95,0,72.3,502.9,717.3,684.3,2,3,5,5.881,5.881,10.187,106.779,73.221,120,1.37,-2.673,0,AFM,225,6.02,20399
34,Ba2MnRuO6,2.15,1.4,1.3,1.98,1.39,1.26,2.55,2.05,2.05,1.34,0.8,0.62,137.327,54.938045,101.07,0.89,1.55,2.2,13.95,0,101,502.9,717.3,710.2,2,4,4,5.851,5.851,14.394,88.618,88.618,59.971,0,-2.328,6.983,FM,12,6.15,1228678
35,Ba2NbFeO6,2.15,1.45,1.4,1.98,1.37,1.25,2.55,2.15,2.05,1.34,0.69,0.645,137.327,92.90638,55.845,0.89,1.6,1.83,13.95,86,14.6,502.9,652.1,762.5,2,5,3,5.809,5.809,10.062,106.775,73.224,119.997,1.748,-2.953,0,AFM,225,6.22,1021504
36,Ba2FeMoO6,2.15,1.4,1.45,1.98,1.25,1.45,2.55,2.05,2.1,1.34,0.74,0.59,137.327,55.845,95.94,0.89,1.83,2.16,13.95,14.6,72.3,502.9,762.5,684.3,2,3,5,5.801,5.801,10.034,90.04,106.739,120.039,0.904,-2.591,1,FIM,15,6.3,1289745
37,Ba2NbCoO6,2.15,1.45,1.35,1.98,1.37,1.26,2.55,2.15,0,1.34,0.69,0.61,137.327,92.90638,58.933195,0.89,1.6,1.88,13.95,86,64,502.9,652.1,760.4,2,5,3,5.696,5.696,5.696,60,60,60,1.535,-2.746,0,NM,225,6.64,1228382
38,Ba2CoMoO6,2.15,1.35,1.45,1.98,1.26,1.45,2.55,0,2.1,1.34,0.72,0.59,137.327,58.933195,95.94,0.89,1.88,2.16,13.95,64,72.3,502.9,760.4,684.3,2,3,5,5.802,5.805,10.058,73.233,90.021,119.963,0,-2.531,0.005,AFM,225,6.31,18967
39,Ba2CoRuO6,2.15,1.35,1.3,1.98,1.26,1.26,2.55,0,2.05,1.34,0.72,0.62,137.327,58.933195,101.07,0.89,1.88,2.2,13.95,64,101,502.9,760.4,710.2,2,2,6,5.815,5.815,14.142,90,90,120,0,-2.135,5.212,FM,156,6.38,1228653
40,Ba2NiMoO6,2.15,1.35,1.45,1.98,1.21,1.45,2.55,0,2.1,1.34,0.69,0.59,137.327,58.6934,95.94,0.89,1.91,2.16,13.95,111.6,72.3,502.9,737.1,684.3,2,3,5,5.787,5.787,10.024,90,73.221,60,2.377,-2.454,0,AFM,225,6.36,552567
41,Ba2NiRuO6,2.15,1.35,1.3,1.98,1.21,1.26,2.55,0,2.5,1.34,0.69,0.565,137.327,58.6934,101.07,0.89,1.91,2.2,13.95,111.6,101,502.9,737.1,710.2,2,2,6,5.783,5.783,19.298,90,90,120,0.017,-2.04,3.998,FM,194,6.3,1147774
42,Ba2ZnMoO6,2.15,1.35,1.45,1.98,1.31,1.45,2.55,2.1,2.1,1.34,0.74,0.59,137.327,65.409,95.94,0.89,1.65,2.16,13.95,0,72.3,502.9,906.4,684.3,2,2,6,5.287,5.287,5.287,60,60,60,2.411,-2.582,0,NM,225,6.31,1206097
43,Ba2YTaO6,2.15,1.8,1.45,1.98,1.62,1.38,2.55,2.05,2.2,1.34,0.9,0.64,137.327,88.90585,180.94788,0.89,1.22,1.5,13.95,30,31,502.9,600,761,2,3,5,6.041,6.041,6.041,120.175,120.175,89.697,3.466,-3.582,0,NM,87,6.84,12385
44,Ba2YReO6,2.15,1.8,1.35,1.98,1.62,1.59,2.55,2.05,2.05,1.34,0.9,0.58,137.327,88.90585,186.207,0.89,1.22,1.9,13.95,30,0,502.9,600,760,2,3,5,5.995,5.995,5.995,60,60,60,0,-3.033,0.077,NM,225,7.04,6430
45,Ba2YOsO6,2.15,1.8,1.3,1.98,1.62,1.28,2.55,2.05,0,1.34,0.9,0.575,137.327,88.90585,190.23,0.89,1.22,2.2,13.95,30,104,502.9,600,840,2,3,5,5.987,5.987,5.987,60,60,60,0.073,-2.876,2.998,FM,225,7.11,1078303
46,Ba2YIrO6,2.15,1.8,1.35,1.98,1.62,1.37,2.55,2.05,0,1.34,0.9,0.57,137.327,88.90585,192.217,0.89,1.22,2.2,13.95,30,150.9,502.9,600,880,2,3,5,5.976,5.976,5.976,60,60,60,0,-2.775,1.998,FM,225,7.17,15888
47,Ba2ZrWO6,2.15,1.55,1.35,1.98,1.48,1.46,2.55,2.3,2.1,1.34,0.72,0.66,137.327,91.224,183.84,0.89,1.33,2.36,13.95,41,79,502.9,640.1,770,2,4,5,5.947,5.947,5.947,60,60,60,0,-3.053,2,FM,225,7.21,1228086
48,Ba2LaNbO6,2.15,1.95,1.45,1.98,1.69,1.37,2.55,2.5,2.15,1.34,1.016,0.64,137.327,138.90547,92.90638,0.89,1.1,1.6,13.95,45,86,502.9,538.1,652.1,2,3,5,6.138,6.138,6.221,60.264,60.264,60.14,3.049,-3.397,0,NM,12,6.01,553281
49,Ba2LaRuO6,2.15,1.95,1.3,1.98,1.69,1.26,2.55,2.5,2.05,1.34,1.016,0.565,137.327,138.90547,101.07,0.89,1.1,2.2,13.95,45,101,502.9,538.1,710.2,2,3,5,6.081,6.081,6.081,60.649,60.649,60.649,0.261,-2.79,3.011,FM,148,6.28,12911
50,Ba4AgAuO6,2.15,1.6,1.35,1.98,1.53,1.44,2.55,2.1,2.1,1.34,1.26,1.85,137.327,107.8682,196.966569,0.89,1.93,2.54,13.95,125.86,222.75,502.9,731,890.1,2,1,3,7.325,7.325,11.632,90,90,132.5,1.987,-2.205,0,NM,63,6.86,556896
51,Ba2CdReO6,2.15,1.55,1.35,1.98,1.48,1.59,2.55,2.2,2.05,1.34,0.97,0.55,137.327,112.411,186.207,0.89,1.69,1.9,13.95,0,0,502.9,867.8,760,2,2,5,5.98,5.98,5.98,60,60,60,0,-2.477,0.999,FM,225,7.35,551702
52,Ba2CdOsO6,2.15,1.55,1.3,1.98,1.48,1.28,2.55,2.2,0,1.34,0.97,0.545,137.327,112.411,190.23,0.89,1.69,2.2,13.95,0,104,502.9,867.8,840,2,2,6,5.972,5.972,5.972,60,60,60,0,-2.22,0.001,NM,225,7.42,1206134
53,Ba2ScTaO6,2.15,1.6,1.45,1.98,1.44,1.38,2.55,2.3,2.2,1.34,0.723,0.64,137.327,44.955912,180.94788,0.89,1.36,1.5,13.95,18,31,502.9,633.1,761,2,3,5,5.879,5.879,5.879,60,60,60,3.017,-3.603,0,NM,225,6.89,1205823
54,Ba2ScReO6,2.15,1.6,1.35,1.98,1.44,1.59,2.55,2.3,2.05,1.34,0.723,0.58,137.327,44.955912,186.207,0.89,1.36,1.9,13.95,18,0,502.9,633.1,760,2,3,5,5.834,5.834,5.834,60,60,60,0,-3.061,0.013,NM,225,7.12,1206861
55,Ba2ScOsO6,2.15,1.6,1.3,1.98,1.44,1.28,2.55,2.3,0,1.34,0.723,0.575,137.327,44.955912,190.23,0.89,1.36,2.2,13.95,18,104,502.9,633.1,840,2,3,5,5.836,5.836,5.836,60,60,60,0,-2.89,2.995,FM,225,7.16,1205674
56,Ba2ScIrO6,2.15,1.6,1.35,1.98,1.44,1.37,2.55,2.3,0,1.34,0.723,0.57,137.327,44.955912,192.217,0.89,1.36,2.2,13.95,18,150.9,502.9,633.1,880,2,3,5,5.823,5.823,5.823,60,60,60,0,-2.79,2.041,FM,225,7.23,10302
57,Ba2TaCrO6,2.15,1.45,1.4,1.98,1.38,1.27,2.55,2.2,2.05,1.34,0.68,0.615,137.327,180.94788,51.9961,0.89,1.5,1.66,13.95,31,65.2,502.9,761,652.9,2,5,3,5.819,5.819,19.146,90,90,120,2.156,-3.17,3,UKN,194,7.14,31630
58,Ba2TaMnO6,2.15,1.45,1.4,1.98,1.38,1.39,2.55,2.2,2.05,1.34,0.68,0.645,137.327,180.94788,54.938045,0.89,1.5,1.55,13.95,31,0,502.9,761,717.3,2,5,3,5.813,5.813,5.813,60,60,60,0,-3.06,4.01,FM,225,7.25,1228319
59,Ba2MnWO6,2.15,1.4,1.35,1.98,1.39,1.46,2.55,2.05,2.1,1.34,0.8,0.66,137.327,54.938045,183.84,0.89,1.55,2.36,13.95,0,79,502.9,717.3,770,2,3,5,5.901,10.221,5.901,106.779,60,106.779,2.311,-2.749,0,AFM,225,6.96,19085
60,Ba2MnReO6,2.15,1.4,1.35,1.98,1.39,1.59,2.55,2.05,2.05,1.34,0.8,0.63,137.327,54.938045,186.207,0.89,1.55,1.9,13.95,0,0,502.9,717.3,760,2,3,5,5.861,5.861,5.861,60,60,60,0.366,-2.649,4,FiM,225,7.14,20813
61,Ba2TaFeO6,2.15,1.45,1.4,1.98,1.38,1.25,2.55,2.2,2.05,1.34,0.68,0.645,137.327,180.94788,55.845,0.89,1.5,1.83,13.95,31,14.6,502.9,761,762.5,2,5,3,5.8,5.8,10.046,73.221,90,120,1.862,-3.064,0,AFM,225,7.31,1205671
62,Ba2FeWO6,2.15,1.4,1.35,1.98,1.25,1.46,2.55,2.05,2.1,1.34,0.74,0.6,137.327,55.845,183.84,0.89,1.83,2.36,13.95,14.6,7.9,502.9,762.5,770,2,3,5,5.835,8.375,5.836,89.995,91.736,89.995,0,-2.688,0,AFM,225,7.11,18845
63,Ba2FeReO6,2.15,1.4,1.35,1.98,1.25,1.59,2.55,2.05,2.05,1.34,0.74,0.63,137.327,55.845,186.207,0.89,1.83,1.9,13.95,14.6,0,502.9,762.5,760,2,3,5,5.77,5.771,5.771,89.931,120.042,120.042,0,-2.543,3,FiM,225,7.49,31756
64,Ba2TaCoO6,2.15,1.45,1.35,1.98,1.38,1.26,2.55,2.2,0,1.34,0.68,0.61,137.327,180.94788,58.933195,0.89,1.5,1.88,13.95,31,64,502.9,761,760.4,2,5,3,5.693,5.693,5.693,60,60,60,1.533,-2.848,0,NM,225,7.77,1228308
65,Ba2CoWO6,2.15,1.35,1.35,1.98,1.26,1.46,2.55,0,2.1,1.34,0.72,0.6,137.327,58.933195,183.84,0.89,1.88,2.36,13.95,64,7.9,502.9,760.4,770,2,3,5,5.756,5.861,5.862,87.947,60.598,119.398,1.843,-2.592,3,FM,139,7.29,1274542
66,Ba2CoReO6,2.15,1.35,1.35,1.98,1.26,1.59,2.55,0,2.05,1.34,0.72,0.63,137.327,58.933195,186.207,0.89,1.88,1.9,13.95,64,0,502.9,760.4,760,2,3,5,8.19,10.033,8.195,114.049,89.951,65.937,0.256,-2.483,0,FiM,225,7.44,545792
67,Ba2NiWO6,2.15,1.35,1.35,1.98,1.21,1.46,2.55,0,2.1,1.34,0.69,0.6,137.327,58.6934,183.84,0.89,1.91,2.36,13.95,111.6,7.9,502.9,737.1,770,2,3,5,5.803,5.803,10.051,106.778,73.222,119.999,3.361,-2.526,0,AFM,225,7.37,504723
68,Ba2ReNiO6,2.15,1.35,1.35,1.98,1.59,1.21,2.55,2.05,0,1.34,0.72,0.69,137.327,186.207,58.6934,0.89,1.9,1.91,13.95,0,111.6,502.9,760,737.1,2,5,3,5.767,5.767,5.767,59.999,60,60.001,0,-2.414,3.003,FM,225,7.54,20286
69,Ba2NiOsO6,2.15,1.35,1.3,1.98,1.21,1.28,2.55,0,0,1.34,0.69,0.545,137.327,58.6934,190.23,0.89,1.91,2.2,13.95,111.6,104,502.9,737.1,840,2,2,6,5.806,5.814,14.263,90.092,90.012,119.947,0,-1.974,0.037,FiM,164,7.4,504568
70,Ba2CuWO6,2.15,1.35,1.35,1.98,1.38,1.46,2.55,0,2.1,1.34,0.72,0.6,137.327,63.546,183.84,0.89,1.9,2.36,13.95,119.24,79,502.9,745.5,770,2,2,6,6.001,6.001,6.001,124.236,124.236,82.808,0,-2.445,0.998,FM,87,7.24,505618
71,Ba2CuOsO6,2.15,1.35,1.3,1.98,1.38,1.28,2.55,0,0,1.34,0.72,0.575,137.327,63.546,190.23,0.89,1.9,2.2,13.95,119.24,104,502.9,745.5,840,2,2,6,5.979,5.979,5.979,122.591,122.591,85.568,0,-2.121,1.001,FiM,87,7.16,1078741
72,Ba2Cu2HgO6,2.15,1.35,1.5,1.98,1.38,1.49,2.55,0,2.05,1.34,0.72,1.02,137.327,63.546,200.59,0.89,1.9,2,13.95,119.24,0,502.9,745.5,1007.10,2,3,2,3.719,3.719,13.71,90,90,90,0,-1.526,0.018,NM,123,6.12,13032
73,Ba2ZnWO6,2.15,1.35,1.35,1.98,1.31,1.46,2.55,2.1,2.1,1.34,0.74,0.6,137.327,65.409,183.84,0.89,1.65,2.36,13.95,0,7.9,502.9,906.4,770,2,2,6,5.841,5.841,5.841,60,60,60,3.387,-2.655,0,NM,225,7.3,548615
74,Ba2ZnReO6,2.15,1.35,1.35,1.98,1.31,1.59,2.55,2.1,2.05,1.34,0.74,0.55,137.327,65.409,186.207,0.89,1.65,1.9,13.95,0,0,502.9,906.4,760,2,2,6,5.807,5.807,5.807,60,60,60,0,-2.543,0.997,FM,225,7.46,549970
75,Ba2ZnOsO6,2.15,1.35,1.3,1.98,1.31,1.28,2.55,2.1,0,1.34,0.74,0.545,137.327,65.409,190.23,0.89,1.65,2.2,13.95,0,104,502.9,906.4,840,2,2,6,5.793,5.793,5.793,60,60,60,0,-2.304,2,FM,225,7.57,1205691
76,Ca2ScNbO6,1.80,1.6,1.45,1.74,1.44,1.37,2.4,2.3,2.15,0.99,0.723,0.69,40.078,44.955912,92.90638,1,1.36,1.6,2.37,18,86,589.8,633.1,652.1,2,3,5,5.727,5.536,9.685,55.113,90,90,3.143,-3.519,0,NM,14,4.14,mp-1214125
77,Ca3ScCoO6,1.80,1.6,1.35,1.74,1.44,1.26,2.4,2.3,0,0.99,0.723,0.72,40.078,44.955912,58.933195,1,1.36,1.88,2.37,18,64,589.8,633.1,760.4,2,3,3,6.396,6.396,6.396,92.466,92.466,92.466,2.722,-3.057,0,NM,167,4.07,mp-561991
78,Ca2ScTaO6,1.80,1.6,1.45,1.74,1.44,1.38,2.4,2.3,2.2,0.99,0.723,0.68,40.078,44.955912,180.94788,1,1.36,1.5,2.37,18,31,589.8,633.1,761,2,3,5,5.713,5.533,9.675,55.075,90,90,3.733,-3.64,0,NM,14,5.32,mp-1214081
79,Ca2ScReO6,1.80,1.6,1.35,1.74,1.44,1.59,2.4,2.3,2.05,0.99,0.723,0.72,40.078,44.955912,186.207,1,1.36,1.9,2.37,18,0,589.8,633.1,760,2,3,5,5.647,5.695,8.009,90,90,90,0,-2.984,1.718,FM,58,5.25,mp-1214154
80,Ca2ScOsO6,1.80,1.6,1.3,1.74,1.44,1.28,2.4,2.3,0,0.99,0.723,0.88,40.078,44.955912,190.23,1,1.36,2.2,2.37,18,104,589.8,633.1,840,2,3,5,5.667,5.509,9.603,55.182,90,90,0,-2.9,1.016,FM,14,5.55,mp-1105395
81,Ca2TiCrO6,1.80,1.4,1.4,1.74,1.36,1.27,2.4,2.15,2.05,0.99,0.94,0.63,40.078,47.867,51.9961,1,1.54,1.66,2.37,8.4,65.2,589.8,658.8,652.9,2,2,2,5.458,9.305,9.338,70.861,90.002,89.997,1.171,-3.101,0,AFM,14,4.09,mp-1227758
82,CaTi2MnO6,1.80,1.4,1.4,1.74,1.36,1.39,2.4,2.15,2.05,0.99,0.94,0.8,40.078,47.867,54.938045,1,1.54,1.55,2.37,8.4,0,589.8,658.8,717.3,2,3,4,7.599,7.599,7.711,90,90,90,1.614,-3.249,4.987,FM,105,4.28,mp-1194928
83,Ca2TiMnO6,1.80,1.4,1.4,1.74,1.36,1.39,2.4,2.15,2.05,0.99,0.94,0.8,40.078,47.867,54.938045,1,1.54,1.55,2.37,8.4,0,589.8,658.8,717.3,2,2,2,5.358,9.412,9.313,98.604,106.716,90.002,1.216,-3.037,0,AFM,87,4.17,mp-1080507
84,CaTi2FeO6,1.80,1.4,1.4,1.74,1.36,1.25,2.4,2.15,2.05,0.99,0.94,0.74,40.078,47.867,55.845,1,1.54,1.83,2.37,8.4,14.6,589.8,658.8,762.5,2,4,2,7.574,7.574,7.626,90,90,90,1.412,-3.181,4.002,FM,137,4.37,mp-1200872
85,Ca3TiNiO6,1.80,1.4,1.35,1.74,1.36,1.21,2.4,2.15,0,0.99,0.94,0.69,87.62,47.867,58.6934,1,1.54,1.91,2.37,8.4,111.6,589.8,658.8,737.1,2,3,3,6.467,6.467,6.467,92.582,92.582,92.582,3.217,-2.598,2.003,FM,167,3.98,mp-997184
86,SrCaTi2O6,2.00,1.8,1.4,1.92,1.74,1.36,2.55,2.4,2.15,0.99,1.12,0.94,40.078,40.078,47.867,0.95,1,1.54,5.02,2.37,8.4,549.5,589.8,658.8,2,2,4,5.545,5.545,7.786,90,90,90.724,2.026,-3.546,0,NM,63,4.43,mp-1218364
87,CaYTi2O6,1.80,1.8,1.4,1.74,1.62,1.36,2.4,2.05,2.15,0.99,0.9,0.94,40.078,88.90585,47.867,1,1.22,1.54,2.37,30,8.4,589.8,600,658.8,2,3,3,5.373,5.587,7.717,90,90,90,0,-3.619,0.987,FM,31,4.6,mp-1227099
88,Ca2TiRuO6,1.80,1.4,1.3,1.74,1.36,1.26,2.4,2.15,2.05,0.99,0.94,0.67,40.078,47.867,101.07,1,1.54,1.9,2.37,8.4,101,589.8,658.8,710.2,2,4,4,5.533,5.43,9.443,55.023,90,90,0,-2.899,1.98,FM,14,4.64,mp-1227718
89,Ca2TaTiO6,1.80,1.45,1.4,1.74,1.38,1.36,2.4,2.2,2.15,0.99,0.68,0.94,40.078,180.94788,47.867,1,1.5,1.54,2.37,31,8.4,589.8,761,658.8,2,5,3,7.823,5.477,5.635,89.952,90,90,0,-3.457,0.026,NM,11,5.57,mvc-4129
90,Ca2TiWO6,1.80,1.4,1.35,1.74,1.36,1.46,2.4,2.15,2.1,0.99,0.94,0.7,40.078,47.867,183.84,1,1.54,2.36,2.37,8.4,79,589.8,658.8,770,2,4,4,5.602,5.602,5.749,59.9,59.9,59.417,0,-2.951,1.992,FM,8,5.34,mvc-5778
91,Ca2TiIrO6,1.80,1.4,1.35,1.74,1.36,1.37,2.4,2.15,0,0.99,0.94,0.68,40.078,47.867,192.217,1,1.54,2.2,2.37,8.4,150.9,589.8,658.8,880,2,4,4,5.578,5.402,9.431,54.934,90,90,0,-2.82,0.071,NM,14,5.94,mvc-5618
92,Ca2VMoO6,1.80,1.35,1.45,1.74,1.25,1.45,2.4,2.05,2.1,0.99,0.74,0.7,40.078,50.9415,95.94,1,1.63,2.16,2.37,51,72.3,589.8,650.9,684.3,2,4,4,5.444,5.602,7.794,90.001,89.843,90,0.688,-2.766,0,AFM,14,4.51,mp-1227834
93,CaYTi2O6,1.80,1.8,1.4,1.74,1.62,1.36,2.4,2.4,2.15,0.99,0.9,0.94,40.078,88.90585,47.867,1,1.22,1.54,2.37,30,8.4,589.8,600,658.8,2,3,4,5.373,5.587,7.717,90,90,90,0,-3.619,0.987,FM,31,4.6,mp-1227099
94,CaYMn2O6,1.80,1.8,1.4,1.74,1.62,1.39,2.4,2.4,2.05,0.99,0.9,0.8,40.078,88.90585,54.938045,1,1.22,1.55,2.37,30,0,589.8,600,717.3,2,3,7,5.238,5.425,7.934,90,90.429,90,0.69,-2.769,0,AFM,7,4.933,mp-1318051
95,Ca2NbFeO6,1.80,1.45,1.4,1.74,1.37,1.25,2.4,2.15,2.05,0.99,0.69,0.74,40.078,92.90638,55.845,1,1.6,1.83,2.37,86,14.6,589.8,652.1,762.5,2,5,3,5.474,9.653,9.653,71.553,90.155,90.154,2.099,-3,0,AFM,14,4.46,mp-1214121
96,CaFeMoO6,1.80,1.4,1.45,1.74,1.25,1.45,2.4,2.05,2.1,0.99,0.74,0.7,40.078,55.845,95.94,1,1.83,2.16,2.37,14.6,72.3,589.8,762.5,684.3,2,3,5,5.608,5.389,9.367,55.05,90,90,0.877,-1.89,0,FM,7,4.12,mvc-11007
97,Ca3FeRhO6,1.80,1.4,1.35,1.74,1.25,1.35,2.4,2.05,0,0.99,0.74,0.68,40.078,55.845,102.9055,1,1.83,2.28,2.37,14.6,110.3,589.8,762.5,719.7,2,3,5,6.464,9.035,9.246,90,90,91.893,0.94,-2.516,0,AFM,167,4.62,mp-18843
98,Ca2FeRhO6,1.80,1.4,1.35,1.74,1.25,1.35,2.4,2.05,0,0.99,0.74,0.68,40.078,55.845,102.9055,1,1.83,2.28,2.37,14.6,110.3,589.8,762.5,719.7,2,3,5,6.491,6.491,6.361,87.31,87.31,91.569,0,-1.923,0.614,FIM,5,4.16,mvc-14247
99,Ca2TaFeO6,1.80,1.45,1.4,1.74,1.38,1.25,2.4,2.2,2.05,0.99,0.68,0.74,40.078,180.94788,55.845,1,1.5,1.83,2.37,31,14.6,589.8,761,762.5,2,5,3,7.812,5.48,5.655,89.659,90,90,1.226,-2.904,1,FM,11,5.66,mvc-4371